[
{
  "model": "admin.logentry",
  "pk": 1,
  "fields": {
    "action_time": "2024-09-13T14:35:34.562Z",
    "user": 1,
    "content_type": 7,
    "object_id": "1",
    "object_repr": "who is django rheinstad",
    "action_flag": 1,
    "change_message": "[{\"added\": {}}]"
  }
},
{
  "model": "admin.logentry",
  "pk": 2,
  "fields": {
    "action_time": "2024-09-13T14:51:46.505Z",
    "user": 1,
    "content_type": 7,
    "object_id": "2",
    "object_repr": "testing new slug",
    "action_flag": 1,
    "change_message": "[{\"added\": {}}]"
  }
},
{
  "model": "admin.logentry",
  "pk": 3,
  "fields": {
    "action_time": "2024-09-15T13:35:10.296Z",
    "user": 1,
    "content_type": 7,
    "object_id": "1",
    "object_repr": "who is django rheinstad",
    "action_flag": 2,
    "change_message": "[]"
  }
},
{
  "model": "admin.logentry",
  "pk": 4,
  "fields": {
    "action_time": "2024-09-15T14:44:40.928Z",
    "user": 1,
    "content_type": 7,
    "object_id": "4",
    "object_repr": "test post for packt",
    "action_flag": 1,
    "change_message": "[{\"added\": {}}]"
  }
},
{
  "model": "admin.logentry",
  "pk": 5,
  "fields": {
    "action_time": "2024-09-15T14:48:27.494Z",
    "user": 1,
    "content_type": 7,
    "object_id": "5",
    "object_repr": "test post 2... lets make this work",
    "action_flag": 1,
    "change_message": "[{\"added\": {}}]"
  }
},
{
  "model": "admin.logentry",
  "pk": 6,
  "fields": {
    "action_time": "2024-09-15T14:50:19.553Z",
    "user": 1,
    "content_type": 7,
    "object_id": "6",
    "object_repr": "sboodablle",
    "action_flag": 1,
    "change_message": "[{\"added\": {}}]"
  }
},
{
  "model": "admin.logentry",
  "pk": 7,
  "fields": {
    "action_time": "2024-09-15T14:51:03.591Z",
    "user": 1,
    "content_type": 7,
    "object_id": "7",
    "object_repr": "Last one for battersea library",
    "action_flag": 1,
    "change_message": "[{\"added\": {}}]"
  }
},
{
  "model": "admin.logentry",
  "pk": 8,
  "fields": {
    "action_time": "2024-09-20T13:57:55.122Z",
    "user": 1,
    "content_type": 8,
    "object_id": "1",
    "object_repr": "Comment by robertm31 on Last one for battersea library",
    "action_flag": 1,
    "change_message": "[{\"added\": {}}]"
  }
},
{
  "model": "admin.logentry",
  "pk": 9,
  "fields": {
    "action_time": "2024-09-20T17:24:34.690Z",
    "user": 1,
    "content_type": 8,
    "object_id": "3",
    "object_repr": "Comment by testing the CSS on Last one for battersea library",
    "action_flag": 2,
    "change_message": "[{\"changed\": {\"fields\": [\"Active\"]}}]"
  }
},
{
  "model": "admin.logentry",
  "pk": 10,
  "fields": {
    "action_time": "2024-09-22T09:44:37.779Z",
    "user": 1,
    "content_type": 7,
    "object_id": "7",
    "object_repr": "Last one for battersea library",
    "action_flag": 2,
    "change_message": "[{\"changed\": {\"fields\": [\"Tags\"]}}]"
  }
},
{
  "model": "admin.logentry",
  "pk": 11,
  "fields": {
    "action_time": "2024-09-22T10:04:58.619Z",
    "user": 1,
    "content_type": 7,
    "object_id": "7",
    "object_repr": "Last one for battersea library",
    "action_flag": 2,
    "change_message": "[{\"changed\": {\"fields\": [\"Tags\"]}}]"
  }
},
{
  "model": "admin.logentry",
  "pk": 12,
  "fields": {
    "action_time": "2024-09-22T10:05:05.751Z",
    "user": 1,
    "content_type": 7,
    "object_id": "6",
    "object_repr": "sboodablle",
    "action_flag": 2,
    "change_message": "[{\"changed\": {\"fields\": [\"Tags\"]}}]"
  }
},
{
  "model": "admin.logentry",
  "pk": 13,
  "fields": {
    "action_time": "2024-09-22T10:05:12.172Z",
    "user": 1,
    "content_type": 7,
    "object_id": "7",
    "object_repr": "Last one for battersea library",
    "action_flag": 2,
    "change_message": "[{\"changed\": {\"fields\": [\"Tags\"]}}]"
  }
},
{
  "model": "admin.logentry",
  "pk": 14,
  "fields": {
    "action_time": "2024-09-22T10:05:18.676Z",
    "user": 1,
    "content_type": 7,
    "object_id": "5",
    "object_repr": "test post 2... lets make this work",
    "action_flag": 2,
    "change_message": "[{\"changed\": {\"fields\": [\"Tags\"]}}]"
  }
},
{
  "model": "admin.logentry",
  "pk": 15,
  "fields": {
    "action_time": "2024-09-22T10:05:26.861Z",
    "user": 1,
    "content_type": 7,
    "object_id": "4",
    "object_repr": "test post for packt",
    "action_flag": 2,
    "change_message": "[{\"changed\": {\"fields\": [\"Tags\"]}}]"
  }
},
{
  "model": "admin.logentry",
  "pk": 16,
  "fields": {
    "action_time": "2024-09-22T10:05:32.361Z",
    "user": 1,
    "content_type": 7,
    "object_id": "1",
    "object_repr": "who is django rheinstad",
    "action_flag": 2,
    "change_message": "[]"
  }
},
{
  "model": "admin.logentry",
  "pk": 17,
  "fields": {
    "action_time": "2024-09-22T10:05:34.824Z",
    "user": 1,
    "content_type": 7,
    "object_id": "1",
    "object_repr": "who is django rheinstad",
    "action_flag": 2,
    "change_message": "[]"
  }
},
{
  "model": "admin.logentry",
  "pk": 18,
  "fields": {
    "action_time": "2024-09-22T10:05:47.227Z",
    "user": 1,
    "content_type": 7,
    "object_id": "3",
    "object_repr": "New title",
    "action_flag": 2,
    "change_message": "[{\"changed\": {\"fields\": [\"Tags\"]}}]"
  }
},
{
  "model": "admin.logentry",
  "pk": 19,
  "fields": {
    "action_time": "2024-09-22T10:05:53.296Z",
    "user": 1,
    "content_type": 7,
    "object_id": "2",
    "object_repr": "testing new slug",
    "action_flag": 2,
    "change_message": "[{\"changed\": {\"fields\": [\"Tags\"]}}]"
  }
},
{
  "model": "admin.logentry",
  "pk": 20,
  "fields": {
    "action_time": "2024-09-23T07:39:48.274Z",
    "user": 1,
    "content_type": 7,
    "object_id": "6",
    "object_repr": "sboodablle",
    "action_flag": 2,
    "change_message": "[{\"changed\": {\"fields\": [\"Tags\"]}}]"
  }
},
{
  "model": "admin.logentry",
  "pk": 21,
  "fields": {
    "action_time": "2024-09-23T07:41:28.305Z",
    "user": 1,
    "content_type": 7,
    "object_id": "4",
    "object_repr": "test post for packt",
    "action_flag": 2,
    "change_message": "[{\"changed\": {\"fields\": [\"Tags\"]}}]"
  }
},
{
  "model": "admin.logentry",
  "pk": 22,
  "fields": {
    "action_time": "2024-09-23T07:41:43.692Z",
    "user": 1,
    "content_type": 7,
    "object_id": "7",
    "object_repr": "Last one for battersea library",
    "action_flag": 2,
    "change_message": "[{\"changed\": {\"fields\": [\"Tags\"]}}]"
  }
},
{
  "model": "admin.logentry",
  "pk": 23,
  "fields": {
    "action_time": "2024-09-23T07:41:59.052Z",
    "user": 1,
    "content_type": 7,
    "object_id": "7",
    "object_repr": "Last one for battersea library",
    "action_flag": 2,
    "change_message": "[{\"changed\": {\"fields\": [\"Tags\"]}}]"
  }
},
{
  "model": "admin.logentry",
  "pk": 24,
  "fields": {
    "action_time": "2024-09-24T16:25:52.721Z",
    "user": 1,
    "content_type": 7,
    "object_id": "8",
    "object_repr": "This is a Markdown Post",
    "action_flag": 1,
    "change_message": "[{\"added\": {}}]"
  }
},
{
  "model": "admin.logentry",
  "pk": 25,
  "fields": {
    "action_time": "2024-09-25T06:01:14.652Z",
    "user": 1,
    "content_type": 11,
    "object_id": "1",
    "object_repr": "localhost:8000",
    "action_flag": 2,
    "change_message": "[{\"changed\": {\"fields\": [\"Domain name\", \"Display name\"]}}]"
  }
},
{
  "model": "auth.permission",
  "pk": 1,
  "fields": {
    "name": "Can add log entry",
    "content_type": 1,
    "codename": "add_logentry"
  }
},
{
  "model": "auth.permission",
  "pk": 2,
  "fields": {
    "name": "Can change log entry",
    "content_type": 1,
    "codename": "change_logentry"
  }
},
{
  "model": "auth.permission",
  "pk": 3,
  "fields": {
    "name": "Can delete log entry",
    "content_type": 1,
    "codename": "delete_logentry"
  }
},
{
  "model": "auth.permission",
  "pk": 4,
  "fields": {
    "name": "Can view log entry",
    "content_type": 1,
    "codename": "view_logentry"
  }
},
{
  "model": "auth.permission",
  "pk": 5,
  "fields": {
    "name": "Can add permission",
    "content_type": 2,
    "codename": "add_permission"
  }
},
{
  "model": "auth.permission",
  "pk": 6,
  "fields": {
    "name": "Can change permission",
    "content_type": 2,
    "codename": "change_permission"
  }
},
{
  "model": "auth.permission",
  "pk": 7,
  "fields": {
    "name": "Can delete permission",
    "content_type": 2,
    "codename": "delete_permission"
  }
},
{
  "model": "auth.permission",
  "pk": 8,
  "fields": {
    "name": "Can view permission",
    "content_type": 2,
    "codename": "view_permission"
  }
},
{
  "model": "auth.permission",
  "pk": 9,
  "fields": {
    "name": "Can add group",
    "content_type": 3,
    "codename": "add_group"
  }
},
{
  "model": "auth.permission",
  "pk": 10,
  "fields": {
    "name": "Can change group",
    "content_type": 3,
    "codename": "change_group"
  }
},
{
  "model": "auth.permission",
  "pk": 11,
  "fields": {
    "name": "Can delete group",
    "content_type": 3,
    "codename": "delete_group"
  }
},
{
  "model": "auth.permission",
  "pk": 12,
  "fields": {
    "name": "Can view group",
    "content_type": 3,
    "codename": "view_group"
  }
},
{
  "model": "auth.permission",
  "pk": 13,
  "fields": {
    "name": "Can add user",
    "content_type": 4,
    "codename": "add_user"
  }
},
{
  "model": "auth.permission",
  "pk": 14,
  "fields": {
    "name": "Can change user",
    "content_type": 4,
    "codename": "change_user"
  }
},
{
  "model": "auth.permission",
  "pk": 15,
  "fields": {
    "name": "Can delete user",
    "content_type": 4,
    "codename": "delete_user"
  }
},
{
  "model": "auth.permission",
  "pk": 16,
  "fields": {
    "name": "Can view user",
    "content_type": 4,
    "codename": "view_user"
  }
},
{
  "model": "auth.permission",
  "pk": 17,
  "fields": {
    "name": "Can add content type",
    "content_type": 5,
    "codename": "add_contenttype"
  }
},
{
  "model": "auth.permission",
  "pk": 18,
  "fields": {
    "name": "Can change content type",
    "content_type": 5,
    "codename": "change_contenttype"
  }
},
{
  "model": "auth.permission",
  "pk": 19,
  "fields": {
    "name": "Can delete content type",
    "content_type": 5,
    "codename": "delete_contenttype"
  }
},
{
  "model": "auth.permission",
  "pk": 20,
  "fields": {
    "name": "Can view content type",
    "content_type": 5,
    "codename": "view_contenttype"
  }
},
{
  "model": "auth.permission",
  "pk": 21,
  "fields": {
    "name": "Can add session",
    "content_type": 6,
    "codename": "add_session"
  }
},
{
  "model": "auth.permission",
  "pk": 22,
  "fields": {
    "name": "Can change session",
    "content_type": 6,
    "codename": "change_session"
  }
},
{
  "model": "auth.permission",
  "pk": 23,
  "fields": {
    "name": "Can delete session",
    "content_type": 6,
    "codename": "delete_session"
  }
},
{
  "model": "auth.permission",
  "pk": 24,
  "fields": {
    "name": "Can view session",
    "content_type": 6,
    "codename": "view_session"
  }
},
{
  "model": "auth.permission",
  "pk": 25,
  "fields": {
    "name": "Can add post",
    "content_type": 7,
    "codename": "add_post"
  }
},
{
  "model": "auth.permission",
  "pk": 26,
  "fields": {
    "name": "Can change post",
    "content_type": 7,
    "codename": "change_post"
  }
},
{
  "model": "auth.permission",
  "pk": 27,
  "fields": {
    "name": "Can delete post",
    "content_type": 7,
    "codename": "delete_post"
  }
},
{
  "model": "auth.permission",
  "pk": 28,
  "fields": {
    "name": "Can view post",
    "content_type": 7,
    "codename": "view_post"
  }
},
{
  "model": "auth.permission",
  "pk": 29,
  "fields": {
    "name": "Can add comment",
    "content_type": 8,
    "codename": "add_comment"
  }
},
{
  "model": "auth.permission",
  "pk": 30,
  "fields": {
    "name": "Can change comment",
    "content_type": 8,
    "codename": "change_comment"
  }
},
{
  "model": "auth.permission",
  "pk": 31,
  "fields": {
    "name": "Can delete comment",
    "content_type": 8,
    "codename": "delete_comment"
  }
},
{
  "model": "auth.permission",
  "pk": 32,
  "fields": {
    "name": "Can view comment",
    "content_type": 8,
    "codename": "view_comment"
  }
},
{
  "model": "auth.permission",
  "pk": 33,
  "fields": {
    "name": "Can add tag",
    "content_type": 9,
    "codename": "add_tag"
  }
},
{
  "model": "auth.permission",
  "pk": 34,
  "fields": {
    "name": "Can change tag",
    "content_type": 9,
    "codename": "change_tag"
  }
},
{
  "model": "auth.permission",
  "pk": 35,
  "fields": {
    "name": "Can delete tag",
    "content_type": 9,
    "codename": "delete_tag"
  }
},
{
  "model": "auth.permission",
  "pk": 36,
  "fields": {
    "name": "Can view tag",
    "content_type": 9,
    "codename": "view_tag"
  }
},
{
  "model": "auth.permission",
  "pk": 37,
  "fields": {
    "name": "Can add tagged item",
    "content_type": 10,
    "codename": "add_taggeditem"
  }
},
{
  "model": "auth.permission",
  "pk": 38,
  "fields": {
    "name": "Can change tagged item",
    "content_type": 10,
    "codename": "change_taggeditem"
  }
},
{
  "model": "auth.permission",
  "pk": 39,
  "fields": {
    "name": "Can delete tagged item",
    "content_type": 10,
    "codename": "delete_taggeditem"
  }
},
{
  "model": "auth.permission",
  "pk": 40,
  "fields": {
    "name": "Can view tagged item",
    "content_type": 10,
    "codename": "view_taggeditem"
  }
},
{
  "model": "auth.permission",
  "pk": 41,
  "fields": {
    "name": "Can add site",
    "content_type": 11,
    "codename": "add_site"
  }
},
{
  "model": "auth.permission",
  "pk": 42,
  "fields": {
    "name": "Can change site",
    "content_type": 11,
    "codename": "change_site"
  }
},
{
  "model": "auth.permission",
  "pk": 43,
  "fields": {
    "name": "Can delete site",
    "content_type": 11,
    "codename": "delete_site"
  }
},
{
  "model": "auth.permission",
  "pk": 44,
  "fields": {
    "name": "Can view site",
    "content_type": 11,
    "codename": "view_site"
  }
},
{
  "model": "auth.user",
  "pk": 1,
  "fields": {
    "password": "pbkdf2_sha256$870000$wnq385eRcRiIgCkN1P3wkr$+fIqzmK9zUA/xHfxgNkJcDlSBA6yz1vOWqYAMaTDTaQ=",
    "last_login": "2024-09-13T14:32:15.024Z",
    "is_superuser": true,
    "username": "robert",
    "first_name": "",
    "last_name": "",
    "email": "robert@robert.com",
    "is_staff": true,
    "is_active": true,
    "date_joined": "2024-09-13T14:30:46.886Z",
    "groups": [],
    "user_permissions": []
  }
},
{
  "model": "contenttypes.contenttype",
  "pk": 1,
  "fields": {
    "app_label": "admin",
    "model": "logentry"
  }
},
{
  "model": "contenttypes.contenttype",
  "pk": 2,
  "fields": {
    "app_label": "auth",
    "model": "permission"
  }
},
{
  "model": "contenttypes.contenttype",
  "pk": 3,
  "fields": {
    "app_label": "auth",
    "model": "group"
  }
},
{
  "model": "contenttypes.contenttype",
  "pk": 4,
  "fields": {
    "app_label": "auth",
    "model": "user"
  }
},
{
  "model": "contenttypes.contenttype",
  "pk": 5,
  "fields": {
    "app_label": "contenttypes",
    "model": "contenttype"
  }
},
{
  "model": "contenttypes.contenttype",
  "pk": 6,
  "fields": {
    "app_label": "sessions",
    "model": "session"
  }
},
{
  "model": "contenttypes.contenttype",
  "pk": 7,
  "fields": {
    "app_label": "blog",
    "model": "post"
  }
},
{
  "model": "contenttypes.contenttype",
  "pk": 8,
  "fields": {
    "app_label": "blog",
    "model": "comment"
  }
},
{
  "model": "contenttypes.contenttype",
  "pk": 9,
  "fields": {
    "app_label": "taggit",
    "model": "tag"
  }
},
{
  "model": "contenttypes.contenttype",
  "pk": 10,
  "fields": {
    "app_label": "taggit",
    "model": "taggeditem"
  }
},
{
  "model": "contenttypes.contenttype",
  "pk": 11,
  "fields": {
    "app_label": "sites",
    "model": "site"
  }
},
{
  "model": "sessions.session",
  "pk": "pv9mbtpg16h180wv7g8ze54ade6xizhz",
  "fields": {
    "session_data": ".eJxVjDsOgzAQBe_iOrL8XSBles5grXeXmCTCEoYqyt0jJIqkfTPz3irhvpW0N1nTzOqqrLr8bhnpKcsB-IHLvWqqy7bOWR-KPmnTY2V53U7376BgK0dN5CVPPQJxDMi9OBu6zopFdhTEegShCJTFTm6A2GUyxgD76MAPk_p8ARaxOIQ:1sp7LL:OC6BVLz8iBqOxC_1fu0owi1OL3Bqy12d_0WWhJ6HBT4",
    "expire_date": "2024-09-27T14:32:15.025Z"
  }
},
{
  "model": "sites.site",
  "pk": 1,
  "fields": {
    "domain": "localhost:8000",
    "name": "localhost:8000"
  }
},
{
  "model": "taggit.tag",
  "pk": 1,
  "fields": {
    "name": "music",
    "slug": "music"
  }
},
{
  "model": "taggit.tag",
  "pk": 2,
  "fields": {
    "name": "jazz",
    "slug": "jazz"
  }
},
{
  "model": "taggit.tag",
  "pk": 3,
  "fields": {
    "name": "django",
    "slug": "django"
  }
},
{
  "model": "taggit.tag",
  "pk": 4,
  "fields": {
    "name": "battersea",
    "slug": "battersea"
  }
},
{
  "model": "taggit.tag",
  "pk": 5,
  "fields": {
    "name": "lambeth",
    "slug": "lambeth"
  }
},
{
  "model": "taggit.tag",
  "pk": 6,
  "fields": {
    "name": "study",
    "slug": "study"
  }
},
{
  "model": "taggit.tag",
  "pk": 7,
  "fields": {
    "name": "random",
    "slug": "random"
  }
},
{
  "model": "taggit.tag",
  "pk": 8,
  "fields": {
    "name": "lorum",
    "slug": "lorum"
  }
},
{
  "model": "taggit.tag",
  "pk": 9,
  "fields": {
    "name": "diary",
    "slug": "diary"
  }
},
{
  "model": "taggit.tag",
  "pk": 10,
  "fields": {
    "name": "slug",
    "slug": "slug"
  }
},
{
  "model": "taggit.tag",
  "pk": 11,
  "fields": {
    "name": "a",
    "slug": "a"
  }
},
{
  "model": "taggit.tag",
  "pk": 12,
  "fields": {
    "name": "b",
    "slug": "b"
  }
},
{
  "model": "taggit.tag",
  "pk": 13,
  "fields": {
    "name": "c",
    "slug": "c"
  }
},
{
  "model": "taggit.tag",
  "pk": 14,
  "fields": {
    "name": "d",
    "slug": "d"
  }
},
{
  "model": "taggit.tag",
  "pk": 15,
  "fields": {
    "name": "e",
    "slug": "e"
  }
},
{
  "model": "taggit.tag",
  "pk": 16,
  "fields": {
    "name": "f",
    "slug": "f"
  }
},
{
  "model": "taggit.tag",
  "pk": 17,
  "fields": {
    "name": "g",
    "slug": "g"
  }
},
{
  "model": "taggit.tag",
  "pk": 18,
  "fields": {
    "name": "h",
    "slug": "h"
  }
},
{
  "model": "taggit.tag",
  "pk": 19,
  "fields": {
    "name": "i",
    "slug": "i"
  }
},
{
  "model": "taggit.tag",
  "pk": 20,
  "fields": {
    "name": "j",
    "slug": "j"
  }
},
{
  "model": "taggit.tag",
  "pk": 21,
  "fields": {
    "name": "london",
    "slug": "london"
  }
},
{
  "model": "taggit.tag",
  "pk": 22,
  "fields": {
    "name": "markdown",
    "slug": "markdown"
  }
},
{
  "model": "taggit.tag",
  "pk": 23,
  "fields": {
    "name": "notes",
    "slug": "notes"
  }
},
{
  "model": "taggit.taggeditem",
  "pk": 1,
  "fields": {
    "tag": 1,
    "content_type": 7,
    "object_id": 1
  }
},
{
  "model": "taggit.taggeditem",
  "pk": 3,
  "fields": {
    "tag": 3,
    "content_type": 7,
    "object_id": 1
  }
},
{
  "model": "taggit.taggeditem",
  "pk": 4,
  "fields": {
    "tag": 4,
    "content_type": 7,
    "object_id": 7
  }
},
{
  "model": "taggit.taggeditem",
  "pk": 5,
  "fields": {
    "tag": 5,
    "content_type": 7,
    "object_id": 7
  }
},
{
  "model": "taggit.taggeditem",
  "pk": 6,
  "fields": {
    "tag": 6,
    "content_type": 7,
    "object_id": 7
  }
},
{
  "model": "taggit.taggeditem",
  "pk": 7,
  "fields": {
    "tag": 7,
    "content_type": 7,
    "object_id": 7
  }
},
{
  "model": "taggit.taggeditem",
  "pk": 10,
  "fields": {
    "tag": 9,
    "content_type": 7,
    "object_id": 7
  }
},
{
  "model": "taggit.taggeditem",
  "pk": 11,
  "fields": {
    "tag": 9,
    "content_type": 7,
    "object_id": 5
  }
},
{
  "model": "taggit.taggeditem",
  "pk": 12,
  "fields": {
    "tag": 7,
    "content_type": 7,
    "object_id": 5
  }
},
{
  "model": "taggit.taggeditem",
  "pk": 13,
  "fields": {
    "tag": 4,
    "content_type": 7,
    "object_id": 4
  }
},
{
  "model": "taggit.taggeditem",
  "pk": 14,
  "fields": {
    "tag": 9,
    "content_type": 7,
    "object_id": 4
  }
},
{
  "model": "taggit.taggeditem",
  "pk": 15,
  "fields": {
    "tag": 7,
    "content_type": 7,
    "object_id": 4
  }
},
{
  "model": "taggit.taggeditem",
  "pk": 16,
  "fields": {
    "tag": 7,
    "content_type": 7,
    "object_id": 3
  }
},
{
  "model": "taggit.taggeditem",
  "pk": 17,
  "fields": {
    "tag": 3,
    "content_type": 7,
    "object_id": 2
  }
},
{
  "model": "taggit.taggeditem",
  "pk": 18,
  "fields": {
    "tag": 10,
    "content_type": 7,
    "object_id": 2
  }
},
{
  "model": "taggit.taggeditem",
  "pk": 19,
  "fields": {
    "tag": 11,
    "content_type": 7,
    "object_id": 6
  }
},
{
  "model": "taggit.taggeditem",
  "pk": 20,
  "fields": {
    "tag": 12,
    "content_type": 7,
    "object_id": 6
  }
},
{
  "model": "taggit.taggeditem",
  "pk": 21,
  "fields": {
    "tag": 13,
    "content_type": 7,
    "object_id": 6
  }
},
{
  "model": "taggit.taggeditem",
  "pk": 22,
  "fields": {
    "tag": 14,
    "content_type": 7,
    "object_id": 6
  }
},
{
  "model": "taggit.taggeditem",
  "pk": 23,
  "fields": {
    "tag": 15,
    "content_type": 7,
    "object_id": 6
  }
},
{
  "model": "taggit.taggeditem",
  "pk": 24,
  "fields": {
    "tag": 16,
    "content_type": 7,
    "object_id": 6
  }
},
{
  "model": "taggit.taggeditem",
  "pk": 25,
  "fields": {
    "tag": 17,
    "content_type": 7,
    "object_id": 6
  }
},
{
  "model": "taggit.taggeditem",
  "pk": 26,
  "fields": {
    "tag": 18,
    "content_type": 7,
    "object_id": 6
  }
},
{
  "model": "taggit.taggeditem",
  "pk": 27,
  "fields": {
    "tag": 19,
    "content_type": 7,
    "object_id": 6
  }
},
{
  "model": "taggit.taggeditem",
  "pk": 28,
  "fields": {
    "tag": 20,
    "content_type": 7,
    "object_id": 6
  }
},
{
  "model": "taggit.taggeditem",
  "pk": 29,
  "fields": {
    "tag": 21,
    "content_type": 7,
    "object_id": 4
  }
},
{
  "model": "taggit.taggeditem",
  "pk": 30,
  "fields": {
    "tag": 21,
    "content_type": 7,
    "object_id": 7
  }
},
{
  "model": "taggit.taggeditem",
  "pk": 31,
  "fields": {
    "tag": 11,
    "content_type": 7,
    "object_id": 7
  }
},
{
  "model": "taggit.taggeditem",
  "pk": 32,
  "fields": {
    "tag": 12,
    "content_type": 7,
    "object_id": 7
  }
},
{
  "model": "taggit.taggeditem",
  "pk": 33,
  "fields": {
    "tag": 3,
    "content_type": 7,
    "object_id": 8
  }
},
{
  "model": "taggit.taggeditem",
  "pk": 34,
  "fields": {
    "tag": 21,
    "content_type": 7,
    "object_id": 8
  }
},
{
  "model": "taggit.taggeditem",
  "pk": 35,
  "fields": {
    "tag": 22,
    "content_type": 7,
    "object_id": 8
  }
},
{
  "model": "taggit.taggeditem",
  "pk": 36,
  "fields": {
    "tag": 23,
    "content_type": 7,
    "object_id": 8
  }
},
{
  "model": "blog.post",
  "pk": 1,
  "fields": {
    "title": "who is django rheinstad",
    "slug": "who-is-django-reihn",
    "author": 1,
    "body": "This is the body of the first post.",
    "publish": "2024-09-13T14:34:52Z",
    "created": "2024-09-13T14:35:34.560Z",
    "updated": "2024-09-22T10:05:34.820Z",
    "status": "PB"
  }
},
{
  "model": "blog.post",
  "pk": 2,
  "fields": {
    "title": "testing new slug",
    "slug": "testing-new-slug",
    "author": 1,
    "body": "New body for nicer admin page.",
    "publish": "2024-09-13T14:51:24Z",
    "created": "2024-09-13T14:51:46.503Z",
    "updated": "2024-09-22T10:05:53.289Z",
    "status": "DF"
  }
},
{
  "model": "blog.post",
  "pk": 3,
  "fields": {
    "title": "New title",
    "slug": "shell-post",
    "author": 1,
    "body": "Post shell body",
    "publish": "2024-09-13T15:09:14Z",
    "created": "2024-09-13T15:09:17.521Z",
    "updated": "2024-09-22T10:05:47.222Z",
    "status": "DF"
  }
},
{
  "model": "blog.post",
  "pk": 4,
  "fields": {
    "title": "test post for packt",
    "slug": "test-post-for-packt",
    "author": 1,
    "body": "relaxing here in battersea library,  although i might be falling asleep.",
    "publish": "2024-09-15T14:43:41Z",
    "created": "2024-09-15T14:44:40.925Z",
    "updated": "2024-09-23T07:41:28.297Z",
    "status": "PB"
  }
},
{
  "model": "blog.post",
  "pk": 5,
  "fields": {
    "title": "test post 2... lets make this work",
    "slug": "test-post-2-lets-make-this-work",
    "author": 1,
    "body": "THis should not be posted, if it is i will be extremely dissapointed. i jsut took a nap in the libary.",
    "publish": "2024-09-15T14:44:40Z",
    "created": "2024-09-15T14:48:27.492Z",
    "updated": "2024-09-22T10:05:18.671Z",
    "status": "PB"
  }
},
{
  "model": "blog.post",
  "pk": 6,
  "fields": {
    "title": "sboodablle",
    "slug": "i-will-publish-this-if-it-means-i-go-down-with-it",
    "author": 1,
    "body": "Not sure what the title means lets do some lorum: \"Sed ut perspiciatis unde omnis iste natus error sit voluptatem accusantium doloremque laudantium, totam rem aperiam, eaque ipsa quae ab illo inventore veritatis et quasi architecto beatae vitae dicta sunt explicabo. Nemo enim ipsam voluptatem quia voluptas sit aspernatur aut odit aut fugit, sed quia consequuntur magni dolores eos qui ratione voluptatem sequi nesciunt. Neque porro quisquam est, qui dolorem ipsum quia dolor sit amet, consectetur, adipisci velit, sed quia non numquam eius modi tempora incidunt ut labore et dolore magnam aliquam quaerat voluptatem. Ut enim ad minima veniam, quis nostrum exercitationem ullam corporis suscipit laboriosam, nisi ut aliquid ex ea commodi consequatur? Quis autem vel eum iure reprehenderit qui in ea voluptate velit esse quam nihil molestiae consequatur, vel illum qui dolorem eum fugiat quo voluptas nulla pariatur?\"",
    "publish": "2024-09-15T14:48:42Z",
    "created": "2024-09-15T14:50:19.551Z",
    "updated": "2024-09-23T07:39:48.260Z",
    "status": "PB"
  }
},
{
  "model": "blog.post",
  "pk": 7,
  "fields": {
    "title": "Last one for battersea library",
    "slug": "last-one-for-battersea-library",
    "author": 1,
    "body": "orem Ipsum on yksinkertaisesti testausteksti, jota tulostus- ja ladontateollisuudet käyttävät. Lorem Ipsum on ollut teollisuuden normaali testausteksti jo 1500-luvulta asti, jolloin tuntematon tulostaja otti kaljuunan ja sekoitti sen tehdäkseen esimerkkikirjan. Se ei ole selvinnyt vain viittä vuosisataa, mutta myös loikan elektroniseen kirjoitukseen, jääden suurinpiirtein muuntamattomana. Se tuli kuuluisuuteen 1960-luvulla kun Letraset-paperiarkit, joissa oli Lorem Ipsum pätkiä, julkaistiin ja vielä myöhemmin tietokoneen julkistusohjelmissa, kuten Aldus PageMaker joissa oli versioita Lorem Ipsumista.",
    "publish": "2024-09-15T14:50:24Z",
    "created": "2024-09-15T14:51:03.589Z",
    "updated": "2024-09-23T07:41:59.045Z",
    "status": "PB"
  }
},
{
  "model": "blog.post",
  "pk": 8,
  "fields": {
    "title": "This is a Markdown Post",
    "slug": "this-is-a-markdown-post",
    "author": 1,
    "body": "### Creating a template filter to support.... Markdown Syntax!\r\nUse markdown syntax in blog post then converts to HTML\r\n\r\n```\r\n@register.filter(name='markdown')\r\ndef markdown_format(text):\r\n    return mark_safe(markdown.markdown(text))\r\n```\r\n\r\nregister template filters the same way we register template tags -> function has different name to avoid clashing with `markdown` module. `name` is then used to refer in template:\r\n\r\n`{{ variable|markdown }}`\r\n\r\nDjango escapes the `HTML` code generated by filters: HTML is replaced with their HTML-encoded characters, `<p>` is replaced with `&lt;p&gt`",
    "publish": "2024-09-24T16:25:03Z",
    "created": "2024-09-24T16:25:52.713Z",
    "updated": "2024-09-24T16:25:52.713Z",
    "status": "PB"
  }
},
{
  "model": "blog.comment",
  "pk": 1,
  "fields": {
    "post": 7,
    "name": "robertm31",
    "email": "testemail@gmail.com",
    "body": "no way mate you passed out in the library! working too hard maybe mate",
    "created": "2024-09-20T13:57:55.120Z",
    "updated": "2024-09-20T13:57:55.120Z",
    "active": true
  }
},
{
  "model": "blog.comment",
  "pk": 2,
  "fields": {
    "post": 7,
    "name": "comment form test",
    "email": "testemail@stress.com",
    "body": "currently not in the library today I am writing this code from my home where i need to stufy after work. I have no spare time at all !",
    "created": "2024-09-20T17:22:36.237Z",
    "updated": "2024-09-20T17:22:36.237Z",
    "active": true
  }
},
{
  "model": "blog.comment",
  "pk": 3,
  "fields": {
    "post": 7,
    "name": "testing the CSS",
    "email": "css@css.com",
    "body": "why on earth is the format of each comment not the same colour. it better be zebraing?",
    "created": "2024-09-20T17:23:16.801Z",
    "updated": "2024-09-20T17:24:34.689Z",
    "active": false
  }
},
{
  "model": "blog.comment",
  "pk": 4,
  "fields": {
    "post": 7,
    "name": "3rd post guy",
    "email": "3rd_post@gmail.com",
    "body": "Just writing a third post here to make the page look a bit nicer. Also sleeping in the libary is cringe",
    "created": "2024-09-22T11:07:59.817Z",
    "updated": "2024-09-22T11:07:59.817Z",
    "active": true
  }
}
]
